-- --------------------------------------------------------
-- 호스트:                          127.0.0.1
-- 서버 버전:                        10.5.28-MariaDB - mariadb.org binary distribution
-- 서버 OS:                        Win64
-- HeidiSQL 버전:                  12.10.0.7000
-- --------------------------------------------------------

/*!40101 SET @OLD_CHARACTER_SET_CLIENT=@@CHARACTER_SET_CLIENT */;
/*!40101 SET NAMES utf8 */;
/*!50503 SET NAMES utf8mb4 */;
/*!40103 SET @OLD_TIME_ZONE=@@TIME_ZONE */;
/*!40103 SET TIME_ZONE='+00:00' */;
/*!40014 SET @OLD_FOREIGN_KEY_CHECKS=@@FOREIGN_KEY_CHECKS, FOREIGN_KEY_CHECKS=0 */;
/*!40101 SET @OLD_SQL_MODE=@@SQL_MODE, SQL_MODE='NO_AUTO_VALUE_ON_ZERO' */;
/*!40111 SET @OLD_SQL_NOTES=@@SQL_NOTES, SQL_NOTES=0 */;


-- bootdb2 데이터베이스 구조 내보내기
CREATE DATABASE IF NOT EXISTS `bootdb2` /*!40100 DEFAULT CHARACTER SET utf8 COLLATE utf8_general_ci */;
USE `bootdb2`;

-- 테이블 bootdb2.tbl_carts 구조 내보내기
CREATE TABLE IF NOT EXISTS `tbl_carts` (
  `cno` bigint(20) NOT NULL AUTO_INCREMENT,
  `holder` varchar(255) DEFAULT NULL,
  `join_date` datetime(6) DEFAULT NULL,
  `modified_date` datetime(6) DEFAULT NULL,
  PRIMARY KEY (`cno`),
  KEY `IDXppiniwmekb4jxyjf8jxkmj3kp` (`holder`)
) ENGINE=InnoDB AUTO_INCREMENT=2 DEFAULT CHARSET=utf8 COLLATE=utf8_general_ci;

-- 테이블 데이터 bootdb2.tbl_carts:~1 rows (대략적) 내보내기
INSERT IGNORE INTO `tbl_carts` (`cno`, `holder`, `join_date`, `modified_date`) VALUES
	(1, 'user22', '2025-06-02 17:19:08.469917', '2025-06-02 17:19:08.469917');

-- 테이블 bootdb2.tbl_cart_items 구조 내보내기
CREATE TABLE IF NOT EXISTS `tbl_cart_items` (
  `item_no` bigint(20) NOT NULL AUTO_INCREMENT,
  `quantity` int(11) NOT NULL,
  `cart_cno` bigint(20) DEFAULT NULL,
  `product_pno` bigint(20) DEFAULT NULL,
  PRIMARY KEY (`item_no`),
  KEY `IDX7u787nrl58p9ih9ocivrbjv1y` (`cart_cno`),
  KEY `FKip6u43erprbgc695su1nme5pk` (`product_pno`),
  CONSTRAINT `FKdc1wa0bleg50ba81pcc5q1lxu` FOREIGN KEY (`cart_cno`) REFERENCES `tbl_carts` (`cno`),
  CONSTRAINT `FKip6u43erprbgc695su1nme5pk` FOREIGN KEY (`product_pno`) REFERENCES `tbl_products` (`pno`)
) ENGINE=InnoDB AUTO_INCREMENT=7 DEFAULT CHARSET=utf8 COLLATE=utf8_general_ci;

-- 테이블 데이터 bootdb2.tbl_cart_items:~4 rows (대략적) 내보내기
INSERT IGNORE INTO `tbl_cart_items` (`item_no`, `quantity`, `cart_cno`, `product_pno`) VALUES
	(1, 5, 1, 51),
	(2, 1, 1, 50),
	(5, 10, 1, 54),
	(6, 3, 1, 51);

-- 테이블 bootdb2.tbl_members 구조 내보내기
CREATE TABLE IF NOT EXISTS `tbl_members` (
  `mid` varchar(255) NOT NULL,
  `email` varchar(255) DEFAULT NULL,
  `join_date` datetime(6) DEFAULT NULL,
  `mname` varchar(255) DEFAULT NULL,
  `modified_date` datetime(6) DEFAULT NULL,
  `mpw` varchar(255) DEFAULT NULL,
  `role` varchar(255) DEFAULT NULL,
  PRIMARY KEY (`mid`)
) ENGINE=InnoDB DEFAULT CHARSET=utf8 COLLATE=utf8_general_ci;

-- 테이블 데이터 bootdb2.tbl_members:~112 rows (대략적) 내보내기
INSERT IGNORE INTO `tbl_members` (`mid`, `email`, `join_date`, `mname`, `modified_date`, `mpw`, `role`) VALUES
	('dafdf', '11111@naver.com', '2025-06-30 14:32:50.759172', '1111', '2025-06-30 14:32:50.759172', '$2a$10$i.M68S165YD99Fl7ed3hwu6a86T9PvqAbY5wCHskRHmJZNMc4YoC.', 'USER'),
	('fqqffqef', '1111@1111.dakjfke', '2025-06-27 17:22:06.723221', 'qqedwqf', '2025-06-27 17:22:06.723221', '$2a$10$7J1T21whzkSUnevTj7PjIekIpGqM3/vLqLq2TAPWTSf5MurZuDTKG', 'USER'),
	('qwer', '1111@1111.com', '2025-06-27 15:34:08.621570', '1111', '2025-06-27 15:34:08.621570', '$2a$10$GCZcBD87rr1ZE7wK6Xqev.db7JspZ2txDMVOJvjyAjgNoEL3VNp5a', 'USER'),
	('qwer123', 'qwer123@aaa.bbb', '2025-06-27 16:06:41.499932', 'qwer123', '2025-06-27 16:06:41.499932', '$2a$10$BSFABUtIPznIx5pkilXNSuO9v.92eNAC.4dZZAW93F4jSWDYEYXRu', 'USER'),
	('qwer1234', '1111@111.com', '2025-06-27 16:20:09.463534', '1111', '2025-06-27 16:20:09.463534', '$2a$10$vyv86MTMKn/cZw6CjPzppe.aYQmiNmo4U3bXwK/hsTc3J05feJ.wC', 'USER'),
	('qwerty', '1111@1111.comd', '2025-06-27 16:34:06.221736', 'qwerty', '2025-06-27 16:34:06.221736', '$2a$10$L9EidyX52KcGkOq9rGsVuuwZHO14jmMuxZZ4DLFhmgSXUuF6aYx2G', 'USER'),
	('qwerty12', 'adsfdsfa@.com', '2025-06-27 16:34:26.579997', 'ddd', '2025-06-27 16:34:26.579997', '$2a$10$XQuIvq.4gLi2yxXRRNiOkueOKJIH4w6T.zD.SO.xoHlFSU3ZLcaMu', 'USER'),
	('qwerty12123', '1111@naedak.oi', '2025-06-27 17:22:41.318086', '11', '2025-06-27 17:22:41.318086', '$2a$10$Zl2x35N38sAfsgc/6J8wV.26.AnWgDw/9OLX3Mrj54CJr2pRzglqe', 'USER'),
	('qwerty122', 'qerfqwef@.com', '2025-06-27 16:37:27.148423', '123', '2025-06-27 16:37:27.148423', '$2a$10$5bO2YKzyCf5XcVoYfnjNpOXuFq0ltmD1umrAJG54iG5ohgOFi0GZK', 'USER'),
	('qwerty123', '', '2025-06-27 17:10:03.871055', '', '2025-06-27 17:10:03.871055', '$2a$10$SeI3qdBpe/4jeq8EQSCT/.P8/fdrh4Jt8dKZfaMQu9KdAUJs5cwVC', 'USER'),
	('user10', 'user10@aaa.com', NULL, 'USER10', '2025-05-14 16:59:18.516548', '$2a$10$oo3FshmJYY1e3K10/0r9h.qTBaxMEc0bYdUWTWEixqBhrOLdhmhei', 'USER'),
	('user100', 'user100@aaa.com', NULL, 'USER100', '2025-05-14 16:59:24.428920', '$2a$10$lauT9so4HSfPikuIEu9EXO9vY4DdUrRkVzRyKoggdsMng3ctzeHCG', 'ADMIN'),
	('user1011', NULL, '2025-06-27 15:15:56.216593', NULL, '2025-06-27 15:15:56.216593', '$2a$10$zT3zgM6kTVM9ZHvv5HjWMufl4Rqcvf/yUQ.vVNHnF9Rr.rvWFEZYm', NULL),
	('user11', 'user11@aaa.com', NULL, 'USER11', '2025-05-14 16:59:18.583307', '$2a$10$vWrM.iguTaqk1lv85bibc.hOaAAgAjAFsiTHhErUJwurYzqG1MsBe', 'USER'),
	('user12', 'user12@aaa.com', NULL, 'USER12', '2025-05-14 16:59:18.650228', '$2a$10$ZtVARkN0Ev0PXlZ8Bp6/j.qYsaN4v3cyP.2odvVzYKlkTdnUzZB2G', 'USER'),
	('user13', 'user13@aaa.com', NULL, 'USER13', '2025-05-14 16:59:18.716277', '$2a$10$b4wdEOY9oP/U97uXNKKRh.mwr62GCj3HLKQth35v978eHxPYIlYUe', 'USER'),
	('user14', 'user14@aaa.com', NULL, 'USER14', '2025-05-14 16:59:18.782979', '$2a$10$P4.bO7mq8Yhb7PfC9bOBVuHfWMHFWHwsIOr1gkthc7a6IdpsOb8Gq', 'USER'),
	('user15', 'user15@aaa.com', NULL, 'USER15', '2025-05-14 16:59:18.845493', '$2a$10$0Vgi0a5YvyfxD43O3gW1meDkcc66qqr3bigUu4MuYuH/GV6mjYNFy', 'USER'),
	('user16', 'user16@aaa.com', NULL, 'USER16', '2025-05-14 16:59:18.915102', '$2a$10$81xj56QYWpFcLXgf/aiFzOpmWXPiY0PJ/rKySFdM.FNtp2EZupoT.', 'USER'),
	('user17', 'user17@aaa.com', NULL, 'USER17', '2025-05-14 16:59:18.979230', '$2a$10$wOfpUuB1JtutYTMv0n3gTehFnESVgiyN0Ma2XRQux5bFUzyuyGoLK', 'USER'),
	('user18', 'user18@aaa.com', NULL, 'USER18', '2025-05-14 16:59:19.048409', '$2a$10$tq.2jag55RNFnCaQGMQ0JONJcf5i5hY0botNnH1NSLwoqnEIpCQhK', 'USER'),
	('user19', 'user19@aaa.com', NULL, 'USER19', '2025-05-14 16:59:19.112127', '$2a$10$9b9QsyZOUlfMUcAZEDvzD.bvOsMvhzQSKNHOCUqDw/7cClaF3K3DC', 'USER'),
	('user2', 'user2@aaa.com', NULL, 'USER2', '2025-05-14 16:59:17.966061', '$2a$10$YBpT.E8O/.TpWbffgAeeeuScPR4G36lWJt4VT5cmjyleVKY2kCPbG', 'USER'),
	('user20', 'user20@aaa.com', NULL, 'USER20', '2025-05-14 16:59:19.179485', '$2a$10$j6QNIkgcHtcGApK6.lFhSuz.UjHH6FMkmf4uwLw70LcGL1SORmtEq', 'USER'),
	('user21', 'user21@aaa.com', NULL, 'USER21', '2025-05-14 16:59:19.244405', '$2a$10$KR.bemhBJ13Ox3N5HStAcu8AFN2SOqZGc4J.ujcjdNZWW0hBHsF.m', 'USER'),
	('user22', 'user22@aaa.com', NULL, 'USER22', '2025-05-14 16:59:19.313815', '$2a$10$S2mvvyxt6vkjJSv.yAXrp.z9gt9w.s8O9YZ2dIprBBhu09EiVXE3W', 'USER'),
	('user23', 'user23@aaa.com', NULL, 'USER23', '2025-05-14 16:59:19.379355', '$2a$10$u/ax3o2W.K.0jPei/2xBheK4PpjpsdDzLPlPv5HohbDaY3LVmeoiq', 'USER'),
	('user24', 'user24@aaa.com', NULL, 'USER24', '2025-05-14 16:59:19.442139', '$2a$10$xIdZptaq06/wZLShfkvWdeWFsjm0IwbD39SxH1D5c6raMvhKXPjZ.', 'USER'),
	('user25', 'user25@aaa.com', NULL, 'USER25', '2025-05-14 16:59:19.508925', '$2a$10$K/ZD6PPgK8U.l.2ONAjmYezd8QXH1sUqRFmwPT7cT/6dev4AxhfgO', 'USER'),
	('user26', 'user26@aaa.com', NULL, 'USER26', '2025-05-14 16:59:19.578653', '$2a$10$/6S2r7VqX3VGak.CUzNdm.9wlmrvkjpxVuHuqpoYrfl0MinLZvdd2', 'USER'),
	('user27', 'user27@aaa.com', NULL, 'USER27', '2025-05-14 16:59:19.644107', '$2a$10$XL1Qf6sw91iJcH.Ap7ZmaeSXpro7jYOLHTM3n6cKQgYESbw5aEOwi', 'USER'),
	('user28', 'user28@aaa.com', NULL, 'USER28', '2025-05-14 16:59:19.708081', '$2a$10$A5XEWqHnpFCtBLJnOvldi.YJO7KS9LHR34pzT4J4HNg6J6xo5b.h.', 'USER'),
	('user29', 'user29@aaa.com', NULL, 'USER29', '2025-05-14 16:59:19.777179', '$2a$10$/E13UdYK0nq2QwPNF6cKOe3cI8qOJwDiqwV6c3ImFNmqVj1muQWAi', 'USER'),
	('user3', 'user3@aaa.com', NULL, 'USER3', '2025-05-14 16:59:18.040301', '$2a$10$txPvnSvIOBk7Iu1s2CeLyuRzubyH7MwU4YSz3fE7qB7ArrRrdicaG', 'USER'),
	('user30', 'user30@aaa.com', NULL, 'USER30', '2025-05-14 16:59:19.841069', '$2a$10$ZGf96chm1TCg/22lpDcUH.Jb50.e10/El7pGknz2tdPWSFOoSwZIS', 'USER'),
	('user30132546', '1111@11111.com', '2025-06-30 10:54:49.207993', '1111', '2025-06-30 10:54:49.207993', '$2a$10$qkX8iF3VOD5n.zDzP61ge.78S6vOi3r6xJ8jfXzTA/9u7RC.KPSvC', 'USER'),
	('user31', 'user31@aaa.com', NULL, 'USER31', '2025-05-14 16:59:19.907690', '$2a$10$/3T95EMVJVUQakHH6jeFR.rr7equLgsytjLXYHbFTYtQsGbHc3mB2', 'USER'),
	('user32', 'user32@aaa.com', NULL, 'USER32', '2025-05-14 16:59:19.974792', '$2a$10$ANZkALcnDWVdM/YAKUqmUezAojP59kiRqQ/DH5Cfl.0cknYkXGH1O', 'USER'),
	('user33', 'user33@aaa.com', NULL, 'USER33', '2025-05-14 16:59:20.039777', '$2a$10$YXfnvItrkvIv4HgQqMR5VelKr8pROwe9Vj.z8GAtDCPtaiOi3yuHK', 'USER'),
	('user34', 'user34@aaa.com', NULL, 'USER34', '2025-05-14 16:59:20.105645', '$2a$10$i6A1rtKxHKANmCP5UF90l.9GNJ.htDimalJONJfIfbOy6Ga.yPMs.', 'USER'),
	('user35', 'user35@aaa.com', NULL, 'USER35', '2025-05-14 16:59:20.169207', '$2a$10$q/dv5pBtm6e/KR47YB1WvOQwWGzgJ4Vw7ZUyFusxlC2nlIxI/GSq.', 'USER'),
	('user36', 'user36@aaa.com', NULL, 'USER36', '2025-05-14 16:59:20.235451', '$2a$10$jqdq8ECgygU4Py8zjT/e9emZ5.9QzP/8qUzesepqTwHYhCIe6p7.S', 'USER'),
	('user37', 'user37@aaa.com', NULL, 'USER37', '2025-05-14 16:59:20.301535', '$2a$10$dI0ORqzDcuaIsDCvoGA25uvKbqv.3T54ceET2yNHWoL99Qd7Efs3y', 'USER'),
	('user38', 'user38@aaa.com', NULL, 'USER38', '2025-05-14 16:59:20.367304', '$2a$10$ww8oc6ja2j9XNyfRMaROmeVsHqX1SUfl30iShkCLTgFAP4UIbtGce', 'USER'),
	('user39', 'user39@aaa.com', NULL, 'USER39', '2025-05-14 16:59:20.431788', '$2a$10$fg4/zJE8xT28o6Bzs7I90un42FFCE88Z52NtfA7nyIwEiIYh8seg2', 'USER'),
	('user4', 'user4@aaa.com', NULL, 'USER4', '2025-05-14 16:59:18.105275', '$2a$10$PRtFu/EQNznkEMr48ahjQ.bjFAvcQrkuLJQcOBclQqWcI9080rfq.', 'USER'),
	('user40', 'user40@aaa.com', NULL, 'USER40', '2025-05-14 16:59:20.495909', '$2a$10$vU3j09Nu3nq8oDLtZiz2wulJw3oPK6ZMnWTTEZ/mFUCmxY.4MKp9W', 'USER'),
	('user41', 'user41@aaa.com', NULL, 'USER41', '2025-05-14 16:59:20.564409', '$2a$10$rkk6kcb3BYdBL7JMLPqtvOVzoC3TSI.RdRdkOmqkSA.ySz/bQkE1W', 'USER'),
	('user42', 'user42@aaa.com', NULL, 'USER42', '2025-05-14 16:59:20.630000', '$2a$10$2az.K74FWOHAyVclqLbx8.qicwKUq1BSqJJKQuFiBU.JdoMwLjbri', 'USER'),
	('user43', 'user43@aaa.com', NULL, 'USER43', '2025-05-14 16:59:20.695505', '$2a$10$cowL8LtOrXzdJeb3weLsQum8j0n8KDChbvTenFUgcHjyS6Tgo7hWi', 'USER'),
	('user44', 'user44@aaa.com', NULL, 'USER44', '2025-05-14 16:59:20.759580', '$2a$10$zXesVvxhrLLl4b23R9tQhuRgpmng3HlNpuD4kPG7q5HnSSWP6WY.e', 'USER'),
	('user45', 'user45@aaa.com', NULL, 'USER45', '2025-05-14 16:59:20.828039', '$2a$10$vuexZGK1kRzapVSZeROcJuFvBwt0KjnbTurgyIb24h3tAq2dFxMty', 'USER'),
	('user46', 'user46@aaa.com', NULL, 'USER46', '2025-05-14 16:59:20.892194', '$2a$10$UVGRM8yDWx/k3bmkR9H8leqUOavrbBKZyQU3W5zuFmNQC.3FyaIMC', 'USER'),
	('user47', 'user47@aaa.com', NULL, 'USER47', '2025-05-14 16:59:20.954682', '$2a$10$TF9Vc8dqpESK.rvliFbTWeSWR9M0mYTiF82TYgwrTsCf98Fy2Ecnm', 'USER'),
	('user48', 'user48@aaa.com', NULL, 'USER48', '2025-05-14 16:59:21.023075', '$2a$10$aDWHB0Wn/tELvg1Vj1kqjusPlIBj45/rMbWhgLwgrrd.Cz2JhjY2.', 'USER'),
	('user49', 'user49@aaa.com', NULL, 'USER49', '2025-05-14 16:59:21.089975', '$2a$10$zMxqIF0ThBE6Pv0h5IESjuI3y8m23OAhx0tLVvZDVQWyLqHGOvPLS', 'USER'),
	('user5', 'user5@aaa.com', NULL, 'USER5', '2025-05-14 16:59:18.171783', '$2a$10$tXhs8Sk6JZQvvmHA3nGyTOxaoqsr8z209DqdSh4D.y0eh0FOFl9SS', 'USER'),
	('user50', 'user50@aaa.com', NULL, 'USER50', '2025-05-14 16:59:21.152503', '$2a$10$0oEW0WpC0HSFuS4Eg9zEeefvgJv9kimPkSHZF3EWygk7MvgpuWoTq', 'USER'),
	('user51', 'user51@aaa.com', NULL, 'USER51', '2025-05-14 16:59:21.219301', '$2a$10$CBk5RabbChSEzt264Nt9a.aBPUy3cIPDxd7Zar8qcPZ0h5bVYVi4u', 'USER'),
	('user52', 'user52@aaa.com', NULL, 'USER52', '2025-05-14 16:59:21.283367', '$2a$10$hoNfA/2xh/mFj8ZCOPsuP./24E8Pn63SsSTeT3LqpW2BqB7a29UV6', 'USER'),
	('user53', 'user53@aaa.com', NULL, 'USER53', '2025-05-14 16:59:21.351350', '$2a$10$L2WFyvVdR9rsI1oCcL/5ae25R4N3fwUV//JCpcUQW8JiTWcb6EBHq', 'USER'),
	('user54', 'user54@aaa.com', NULL, 'USER54', '2025-05-14 16:59:21.417123', '$2a$10$tcson6v86w0OlySRFkedc.1LPW4C.KPJF5ULigrlORZIS97z1hzI.', 'USER'),
	('user55', 'user55@aaa.com', NULL, 'USER55', '2025-05-14 16:59:21.480470', '$2a$10$AB9ynTtSUNp4mLOffI7BLOt6SHC3dNyZthnN6zJDqRiN3QgoaGlLu', 'USER'),
	('user56', 'user56@aaa.com', NULL, 'USER56', '2025-05-14 16:59:21.546415', '$2a$10$mN.yCQF3AQRG9Z6zQ/OvT.QJwRLUFCXY8vY4RUIoJXAPIzGjASO4m', 'USER'),
	('user57', 'user57@aaa.com', NULL, 'USER57', '2025-05-14 16:59:21.609052', '$2a$10$uVdvGJ2h7JHGDvnNrvD7LejYh1m7ooDGLNk7miz41qtKw4RpvXAmC', 'USER'),
	('user58', 'user58@aaa.com', NULL, 'USER58', '2025-05-14 16:59:21.671644', '$2a$10$MmbXuo05uwRv8.DkCLhGlu1OLyzvqvbh3ELmMi9hVy1wwMx3I0iYG', 'USER'),
	('user59', 'user59@aaa.com', NULL, 'USER59', '2025-05-14 16:59:21.734158', '$2a$10$D0S1p8p/bTdIgr4lN1exhOIK3csNqy/7j42fe938AZr6hkO3fOYFa', 'USER'),
	('user6', 'user6@aaa.com', NULL, 'USER6', '2025-05-14 16:59:18.237704', '$2a$10$/Y4uwT9borY02RmANcHtMuCK2OLEGDXLXaje2chQdlbS.MZ.x0Nwm', 'USER'),
	('user60', 'user60@aaa.com', NULL, 'USER60', '2025-05-14 16:59:21.796617', '$2a$10$1SOlyS3FIdXH/kZdkBJLqOY9/mRXKfHUpd26xfJD8vnp6NrbmIxv2', 'USER'),
	('user61', 'user61@aaa.com', NULL, 'USER61', '2025-05-14 16:59:21.878200', '$2a$10$.atnRyPOD7srvjahuHyGROe3sfPvPX47CMmToBuvlJqVigEWSNIkW', 'USER'),
	('user62', 'user62@aaa.com', NULL, 'USER62', '2025-05-14 16:59:21.943876', '$2a$10$TQTc/DdKVdb4fSRPSYx6pe/xqU/he7wvtYgoDBvrkk3BSg.eLtGVu', 'USER'),
	('user63', 'user63@aaa.com', NULL, 'USER63', '2025-05-14 16:59:22.009442', '$2a$10$L7UpUN/8NkRKLa8da.CPm./uHZTRV6.C3A0nCVf81QQiN11n/Yo0a', 'USER'),
	('user64', 'user64@aaa.com', NULL, 'USER64', '2025-05-14 16:59:22.073217', '$2a$10$8Cn/kmaEY7gfaI47.uwgFOach3MQwZzQZjlnso/twThkfiOTZUrVO', 'USER'),
	('user65', 'user65@aaa.com', NULL, 'USER65', '2025-05-14 16:59:22.135710', '$2a$10$aWaVtR5a87Nj1JUvlsqsEurHVCqtKIe6nc87rkAd48OwwMhZ5qZOe', 'USER'),
	('user66', 'user66@aaa.com', NULL, 'USER66', '2025-05-14 16:59:22.205506', '$2a$10$oiQ0M9WHPsmjGS0r.q4xkeNQ23YmfOw4ODK30NylQK9nJCkGY8rHm', 'USER'),
	('user67', 'user67@aaa.com', NULL, 'USER67', '2025-05-14 16:59:22.270144', '$2a$10$Uz2lPppRtd4fa3QDaTjItuepFTSlZXCF6TfNO9CQj.NVqa2K47PNu', 'USER'),
	('user68', 'user68@aaa.com', NULL, 'USER68', '2025-05-14 16:59:22.334738', '$2a$10$NsCeUToskeyroYRdxKjdoeE21dJp2VTJMYvWqKJimGdOyPO4U4eVq', 'USER'),
	('user69', 'user69@aaa.com', NULL, 'USER69', '2025-05-14 16:59:22.397251', '$2a$10$XZLp5MvpqIddiQ7CABsgburnMHcEd72khGQe/BdpPNorEl2yWlm5u', 'USER'),
	('user7', 'user7@aaa.com', NULL, 'USER7', '2025-05-14 16:59:18.311325', '$2a$10$elcuRdiW.oyjZrnDUj8Wuej9ZclbNH.NtkPzGbrbhzTuf2tZI3o8a', 'USER'),
	('user70', 'user70@aaa.com', NULL, 'USER70', '2025-05-14 16:59:22.454685', '$2a$10$tl/NlyvWVYG2PXUgai00xuGoZjoiDNgfyX.oRs/kcx49b9ZblV2o2', 'USER'),
	('user71', 'user71@aaa.com', NULL, 'USER71', '2025-05-14 16:59:22.517200', '$2a$10$iXdRZtCqk5wdApeyoPSexuE.ezPbrNDio2c.qNRgPSoNt9Run6vSi', 'USER'),
	('user72', 'user72@aaa.com', NULL, 'USER72', '2025-05-14 16:59:22.593041', '$2a$10$RyGhlSR/15zBdVfHTqcIm.AxK8Eb2CqSaYa6Xy6xgx3B5iVjlWSmy', 'USER'),
	('user73', 'user73@aaa.com', NULL, 'USER73', '2025-05-14 16:59:22.661789', '$2a$10$/sXzssjfPoX6/TPRctrap.8qfv81sBa3yZ7KYNsj0hmxDIBfstBqS', 'USER'),
	('user74', 'user74@aaa.com', NULL, 'USER74', '2025-05-14 16:59:22.727933', '$2a$10$7CmHTGha1K67HAofYvIYne2w0Yd32BA0I/MwXcRLe7zszxMoqjNWO', 'USER'),
	('user75', 'user75@aaa.com', NULL, 'USER75', '2025-05-14 16:59:22.793148', '$2a$10$NIEY/a4vJS7To/vkIY3.HuVgZ/DPw4fGQs8TD8RtGVlAvIG345LrO', 'USER'),
	('user76', 'user76@aaa.com', NULL, 'USER76', '2025-05-14 16:59:22.856707', '$2a$10$/fs2FcdvZIpEu5EOmF7cwe2Mhb7x0mrU/9I3ADG5w1ld9jo59bOc6', 'USER'),
	('user77', 'user77@aaa.com', NULL, 'USER77', '2025-05-14 16:59:22.924476', '$2a$10$6WFDwd6C0L3DQW1J.G9.yOSbH0RXOxlKTvjGmtrYgr4CZSrJQAk8e', 'USER'),
	('user78', 'user78@aaa.com', NULL, 'USER78', '2025-05-14 16:59:22.989478', '$2a$10$LT3g9mWC1jSN9z1x08ued.M50eIeTJkhm7Y1mA.uquxtLrjOOp0AO', 'USER'),
	('user79', 'user79@aaa.com', NULL, 'USER79', '2025-05-14 16:59:23.053282', '$2a$10$aIN9kfeoDm03gR6FMVWrAuWzvyV4fHZnpbHWQFXlnXCxpt6GMC2g2', 'USER'),
	('user8', 'user8@aaa.com', NULL, 'USER8', '2025-05-14 16:59:18.383503', '$2a$10$ejXI/GT8LCbOKHQfO50qpeXLu1cWoo.qdObv7bPVwq3tKq.OIJG6G', 'USER'),
	('user80', 'user80@aaa.com', NULL, 'USER80', '2025-05-14 16:59:23.115773', '$2a$10$HUbM7Ygq3ZBncAY3hWU4mOcdlleoMv7G7gUWdRN9oWswIBLFlk.Ku', 'USER'),
	('user81', 'user81@aaa.com', NULL, 'USER81', '2025-05-14 16:59:23.185532', '$2a$10$bkm/bNPecrhplfSQwuJOtOZxStBBUo0zg3jyBHOJUEhEXT5ebjeKu', 'ADMIN'),
	('user82', 'user82@aaa.com', NULL, 'USER82', '2025-05-14 16:59:23.256010', '$2a$10$PJPVKVVo48gwgV50eRBVve9Ngra1kj5PAI8c/hlf/WAezpUKMRE3C', 'ADMIN'),
	('user83', 'user83@aaa.com', NULL, 'USER83', '2025-05-14 16:59:23.319941', '$2a$10$WpD4Qsndb57io36ZSucKD.zddfVCLHQ6t2NMIQvnRSMFLFVNmOaOW', 'ADMIN'),
	('user84', 'user84@aaa.com', NULL, 'USER84', '2025-05-14 16:59:23.384869', '$2a$10$WJ8e9nuTUMlGa603U.GQE.jL2pL2wGIE7B1xw1cYPB.j4Mw12wlPy', 'ADMIN'),
	('user85', 'user85@aaa.com', NULL, 'USER85', '2025-05-14 16:59:23.452113', '$2a$10$hY10PvYX4zowQDp2EucYn.90Sp4J/.wq4e2DrDP.kHhltfIcnCMDC', 'ADMIN'),
	('user86', 'user86@aaa.com', NULL, 'USER86', '2025-05-14 16:59:23.514627', '$2a$10$0.zSZxWrcb2kinRdisi0JO5Xe4X81cxKyzmkGMKZFRObwBS590lhm', 'ADMIN'),
	('user87', 'user87@aaa.com', NULL, 'USER87', '2025-05-14 16:59:23.581794', '$2a$10$tnQQa911fJVjM7dSO2Pz9uVU4rk7xNc4hk.Y8X95yMIPApqnujMXG', 'ADMIN'),
	('user88', 'user88@aaa.com', NULL, 'USER88', '2025-05-14 16:59:23.648325', '$2a$10$lXMOaLZFowVYoI/NNqy/AupsdK3CmmaVm6Qj5065Jzf/n6tFCORx2', 'ADMIN'),
	('user89', 'user89@aaa.com', NULL, 'USER89', '2025-05-14 16:59:23.712184', '$2a$10$oaa3Hx14j5LbCPja3XV3xuEKjNEAif1EhdR8nIpsII1ZZ4na1932S', 'ADMIN'),
	('user9', 'user9@aaa.com', NULL, 'USER9', '2025-05-14 16:59:18.449786', '$2a$10$J5quubMz7.wqzYS3a.CvleFdOD59l3KADBwZLf2X09BXfxIeXat3K', 'USER'),
	('user90', 'user90@aaa.com', NULL, 'USER90', '2025-05-14 16:59:23.774697', '$2a$10$964IkvFmLNzwiJtXvbzsM.VHmPDmkjcpV4MbpzXxHYa93JlRSOwJe', 'ADMIN'),
	('user91', 'user91@aaa.com', NULL, 'USER91', '2025-05-14 16:59:23.826946', '$2a$10$tYMaNSWmmgLDusW5MZJ/e.Up5pEiZEHfdbVZo/ynMRj7m6HFR1pge', 'ADMIN'),
	('user92', 'user92@aaa.com', NULL, 'USER92', '2025-05-14 16:59:23.907587', '$2a$10$Kcd4spsw1Po15kXFfJXPTOsEIjoNzorLARC3ywuj5rMZ1VihiG.6y', 'ADMIN'),
	('user93', 'user93@aaa.com', NULL, 'USER93', '2025-05-14 16:59:23.972884', '$2a$10$aKlHIGFhiUupNWDhROnQHeV58/wKZ/zYtUAXwDJjqOvlVs5wNCTBq', 'ADMIN'),
	('user94', 'user94@aaa.com', NULL, 'USER94', '2025-05-14 16:59:24.035557', '$2a$10$YbGlsOafB0EJyqDVPzglgO7jok/kSyWSAE9x1eSrTaPFg9Bww2hbm', 'ADMIN'),
	('user95', 'user95@aaa.com', NULL, 'USER95', '2025-05-14 16:59:24.101225', '$2a$10$6koT0k2Q1Mg6Qhel/E.yE./P43aGgueSE.5ujDtBrSP56ehhuAxT6', 'ADMIN'),
	('user96', 'user96@aaa.com', NULL, 'USER96', '2025-05-14 16:59:24.168610', '$2a$10$qiLAw1e5L8jCQYeZFUZOkuRCufSzz0qDLc6UWYEL5gDqqui5/W8Dm', 'ADMIN'),
	('user97', 'user97@aaa.com', NULL, 'USER97', '2025-05-14 16:59:24.233129', '$2a$10$BbxWKb0IZA2/cPT2B54Df.ORf5TczyGcc9GoZ7FXODxFuXIcEQI9S', 'ADMIN'),
	('user98', 'user98@aaa.com', NULL, 'USER98', '2025-05-14 16:59:24.298083', '$2a$10$38lqnvs5TMzW879g734va.oGx5xUHNVsEGKSXGSVdL9ozCWRS4hgK', 'ADMIN'),
	('user99', 'user99@aaa.com', NULL, 'USER99', '2025-05-14 16:59:24.363361', '$2a$10$avQeFAoXAOnHBvD3ETGCmeTNhYZ5BX/uuXPU/8GcHD3ThxOK1ox5e', 'ADMIN'),
	('wjdgkswns', '1111@1111.com434', '2025-06-27 16:57:13.251962', '1111', '2025-06-27 16:57:13.251962', '$2a$10$3U5iVjEcKbHUv6fPzpPycOHXWW4bd7yGNoSh5isrip..7f9Rh/N2C', 'USER');

-- 테이블 bootdb2.tbl_products 구조 내보내기
CREATE TABLE IF NOT EXISTS `tbl_products` (
  `pno` bigint(20) NOT NULL AUTO_INCREMENT,
  `content` varchar(255) DEFAULT NULL,
  `join_date` datetime(6) DEFAULT NULL,
  `modified_date` datetime(6) DEFAULT NULL,
  `pname` varchar(255) DEFAULT NULL,
  `price` int(11) NOT NULL,
  `writer` varchar(255) DEFAULT NULL,
  PRIMARY KEY (`pno`)
) ENGINE=InnoDB AUTO_INCREMENT=105 DEFAULT CHARSET=utf8 COLLATE=utf8_general_ci;

-- 테이블 데이터 bootdb2.tbl_products:~102 rows (대략적) 내보내기
INSERT IGNORE INTO `tbl_products` (`pno`, `content`, `join_date`, `modified_date`, `pname`, `price`, `writer`) VALUES
	(2, '2_상품 설명', '2025-05-21 15:24:16.814322', '2025-05-21 15:24:16.814322', '2_새로운 상품', 5000, 'user00'),
	(3, '3_상품 설명', '2025-05-21 15:24:16.816318', '2025-05-21 15:24:16.816318', '3_새로운 상품', 5000, 'user00'),
	(4, '4_상품 설명', '2025-05-21 15:24:16.820307', '2025-05-21 15:24:16.820307', '4_새로운 상품', 5000, 'user00'),
	(5, '5_상품 설명', '2025-05-21 15:24:16.822302', '2025-05-21 15:24:16.822302', '5_새로운 상품', 5000, 'user00'),
	(6, '6_상품 설명', '2025-05-21 15:24:16.825293', '2025-05-21 15:24:16.825293', '6_새로운 상품', 5000, 'user00'),
	(7, '7_상품 설명', '2025-05-21 15:24:16.829285', '2025-05-21 15:24:16.829285', '7_새로운 상품', 5000, 'user00'),
	(8, '8_상품 설명', '2025-05-21 15:24:16.831279', '2025-05-21 15:24:16.831279', '8_새로운 상품', 5000, 'user00'),
	(9, '9_상품 설명', '2025-05-21 15:24:16.835267', '2025-05-21 15:24:16.835267', '9_새로운 상품', 5000, 'user00'),
	(10, '10_상품 설명', '2025-05-21 15:24:16.837717', '2025-05-21 15:24:16.837717', '10_새로운 상품', 5000, 'user00'),
	(11, '11_상품 설명', '2025-05-21 15:24:16.839711', '2025-05-21 15:24:16.839711', '11_새로운 상품', 5000, 'user00'),
	(12, '12_상품 설명', '2025-05-21 15:24:16.841706', '2025-05-21 15:24:16.841706', '12_새로운 상품', 5000, 'user00'),
	(13, '13_상품 설명', '2025-05-21 15:24:16.845696', '2025-05-21 15:24:16.845696', '13_새로운 상품', 5000, 'user00'),
	(14, '14_상품 설명', '2025-05-21 15:24:16.847690', '2025-05-21 15:24:16.847690', '14_새로운 상품', 5000, 'user00'),
	(15, '15_상품 설명', '2025-05-21 15:24:16.850684', '2025-05-21 15:24:16.850684', '15_새로운 상품', 5000, 'user00'),
	(16, '16_상품 설명', '2025-05-21 15:24:16.853673', '2025-05-21 15:24:16.853673', '16_새로운 상품', 5000, 'user00'),
	(17, '17_상품 설명', '2025-05-21 15:24:16.854996', '2025-05-21 15:24:16.854996', '17_새로운 상품', 5000, 'user00'),
	(18, '18_상품 설명', '2025-05-21 15:24:16.856992', '2025-05-21 15:24:16.856992', '18_새로운 상품', 5000, 'user00'),
	(19, '19_상품 설명', '2025-05-21 15:24:16.858987', '2025-05-21 15:24:16.858987', '19_새로운 상품', 5000, 'user00'),
	(20, '20_상품 설명', '2025-05-21 15:24:16.861979', '2025-05-21 15:24:16.861979', '20_새로운 상품', 5000, 'user00'),
	(21, '21_상품 설명', '2025-05-21 15:24:16.864971', '2025-05-21 15:24:16.864971', '21_새로운 상품', 5000, 'user00'),
	(22, '22_상품 설명', '2025-05-21 15:24:16.866966', '2025-05-21 15:24:16.866966', '22_새로운 상품', 5000, 'user00'),
	(23, '23_상품 설명', '2025-05-21 15:24:16.869959', '2025-05-21 15:24:16.869959', '23_새로운 상품', 5000, 'user00'),
	(24, '24_상품 설명', '2025-05-21 15:24:16.872951', '2025-05-21 15:24:16.872951', '24_새로운 상품', 5000, 'user00'),
	(25, '25_상품 설명', '2025-05-21 15:24:16.876346', '2025-05-21 15:24:16.876346', '25_새로운 상품', 5000, 'user00'),
	(26, '26_상품 설명', '2025-05-21 15:24:16.878339', '2025-05-21 15:24:16.878339', '26_새로운 상품', 5000, 'user00'),
	(27, '27_상품 설명', '2025-05-21 15:24:16.881330', '2025-05-21 15:24:16.881330', '27_새로운 상품', 5000, 'user00'),
	(28, '28_상품 설명', '2025-05-21 15:24:16.884324', '2025-05-21 15:24:16.884324', '28_새로운 상품', 5000, 'user00'),
	(29, '29_상품 설명', '2025-05-21 15:24:16.887315', '2025-05-21 15:24:16.887315', '29_새로운 상품', 5000, 'user00'),
	(30, '30_상품 설명', '2025-05-21 15:24:16.889309', '2025-05-21 15:24:16.889309', '30_새로운 상품', 5000, 'user00'),
	(31, '31_상품 설명', '2025-05-21 15:24:16.891303', '2025-05-21 15:24:16.891303', '31_새로운 상품', 5000, 'user00'),
	(32, '32_상품 설명', '2025-05-21 15:24:16.894296', '2025-05-21 15:24:16.894296', '32_새로운 상품', 5000, 'user00'),
	(33, '33_상품 설명', '2025-05-21 15:24:16.897325', '2025-05-21 15:24:16.897325', '33_새로운 상품', 5000, 'user00'),
	(34, '34_상품 설명', '2025-05-21 15:24:16.900317', '2025-05-21 15:24:16.900317', '34_새로운 상품', 5000, 'user00'),
	(35, '35_상품 설명', '2025-05-21 15:24:16.902311', '2025-05-21 15:24:16.902311', '35_새로운 상품', 5000, 'user00'),
	(36, '36_상품 설명', '2025-05-21 15:24:16.905303', '2025-05-21 15:24:16.905303', '36_새로운 상품', 5000, 'user00'),
	(37, '37_상품 설명', '2025-05-21 15:24:16.908294', '2025-05-21 15:24:16.908294', '37_새로운 상품', 5000, 'user00'),
	(38, '38_상품 설명', '2025-05-21 15:24:16.911287', '2025-05-21 15:24:16.911287', '38_새로운 상품', 5000, 'user00'),
	(39, '39_상품 설명', '2025-05-21 15:24:16.914279', '2025-05-21 15:24:16.914279', '39_새로운 상품', 5000, 'user00'),
	(40, '40_상품 설명', '2025-05-21 15:24:16.917272', '2025-05-21 15:24:16.917272', '40_새로운 상품', 5000, 'user00'),
	(41, '41_상품 설명', '2025-05-21 15:24:16.920617', '2025-05-21 15:24:16.920617', '41_새로운 상품', 5000, 'user00'),
	(42, '42_상품 설명', '2025-05-21 15:24:16.922609', '2025-05-21 15:24:16.922609', '42_새로운 상품', 5000, 'user00'),
	(43, '43_상품 설명', '2025-05-21 15:24:16.926598', '2025-05-21 15:24:16.926598', '43_새로운 상품', 5000, 'user00'),
	(44, '44_상품 설명', '2025-05-21 15:24:16.928594', '2025-05-21 15:24:16.928594', '44_새로운 상품', 5000, 'user00'),
	(45, '45_상품 설명', '2025-05-21 15:24:16.930588', '2025-05-21 15:24:16.930588', '45_새로운 상품', 5000, 'user00'),
	(46, '46_상품 설명', '2025-05-21 15:24:16.932584', '2025-05-21 15:24:16.932584', '46_새로운 상품', 5000, 'user00'),
	(47, '47_상품 설명', '2025-05-21 15:24:16.935267', '2025-05-21 15:24:16.935267', '47_새로운 상품', 5000, 'user00'),
	(48, '48_상품 설명', '2025-05-21 15:24:16.938261', '2025-05-21 15:24:16.938261', '48_새로운 상품', 5000, 'user00'),
	(49, '49_상품 설명', '2025-05-21 15:24:16.940255', '2025-05-21 15:24:16.940255', '49_새로운 상품', 5000, 'user00'),
	(50, '50_상품 설명', '2025-05-21 15:24:16.943248', '2025-05-21 15:24:16.943248', '50_새로운 상품', 5000, 'user00'),
	(51, '새로운 상품 테스트', '2025-05-28 15:49:12.452081', '2025-05-28 15:49:12.452081', '테스트 상품', 4000, 'user30'),
	(52, '새로운 상품 테스트', '2025-05-28 15:49:38.471614', '2025-05-28 16:54:53.393705', '수정된 상품이름', 5000, 'user30'),
	(54, '새로운 상품 테스트', '2025-05-28 16:06:56.565181', '2025-05-28 16:06:56.565181', '테스트 상품', 4000, 'user22'),
	(55, '1_상품 설명', '2025-06-30 15:53:56.496394', '2025-06-30 15:53:56.496394', '1_새로운 상품', 5000, 'user00'),
	(56, '2_상품 설명', '2025-06-30 15:53:56.559661', '2025-06-30 15:53:56.559661', '2_새로운 상품', 5000, 'user00'),
	(57, '3_상품 설명', '2025-06-30 15:53:56.559661', '2025-06-30 15:53:56.559661', '3_새로운 상품', 5000, 'user00'),
	(58, '4_상품 설명', '2025-06-30 15:53:56.559661', '2025-06-30 15:53:56.559661', '4_새로운 상품', 5000, 'user00'),
	(59, '5_상품 설명', '2025-06-30 15:53:56.575262', '2025-06-30 15:53:56.575262', '5_새로운 상품', 5000, 'user00'),
	(60, '6_상품 설명', '2025-06-30 15:53:56.575262', '2025-06-30 15:53:56.575262', '6_새로운 상품', 5000, 'user00'),
	(61, '7_상품 설명', '2025-06-30 15:53:56.575262', '2025-06-30 15:53:56.575262', '7_새로운 상품', 5000, 'user00'),
	(62, '8_상품 설명', '2025-06-30 15:53:56.590881', '2025-06-30 15:53:56.590881', '8_새로운 상품', 5000, 'user00'),
	(63, '9_상품 설명', '2025-06-30 15:53:56.590881', '2025-06-30 15:53:56.590881', '9_새로운 상품', 5000, 'user00'),
	(64, '10_상품 설명', '2025-06-30 15:53:56.590881', '2025-06-30 15:53:56.590881', '10_새로운 상품', 5000, 'user00'),
	(65, '11_상품 설명', '2025-06-30 15:53:56.606781', '2025-06-30 15:53:56.606781', '11_새로운 상품', 5000, 'user00'),
	(66, '12_상품 설명', '2025-06-30 15:53:56.619104', '2025-06-30 15:53:56.619104', '12_새로운 상품', 5000, 'user00'),
	(67, '13_상품 설명', '2025-06-30 15:53:56.619104', '2025-06-30 15:53:56.619104', '13_새로운 상품', 5000, 'user00'),
	(68, '14_상품 설명', '2025-06-30 15:53:56.634054', '2025-06-30 15:53:56.634054', '14_새로운 상품', 5000, 'user00'),
	(69, '15_상품 설명', '2025-06-30 15:53:56.637305', '2025-06-30 15:53:56.637305', '15_새로운 상품', 5000, 'user00'),
	(70, '16_상품 설명', '2025-06-30 15:53:56.637305', '2025-06-30 15:53:56.637305', '16_새로운 상품', 5000, 'user00'),
	(71, '17_상품 설명', '2025-06-30 15:53:56.637305', '2025-06-30 15:53:56.637305', '17_새로운 상품', 5000, 'user00'),
	(72, '18_상품 설명', '2025-06-30 15:53:56.637305', '2025-06-30 15:53:56.637305', '18_새로운 상품', 5000, 'user00'),
	(73, '19_상품 설명', '2025-06-30 15:53:56.637305', '2025-06-30 15:53:56.637305', '19_새로운 상품', 5000, 'user00'),
	(74, '20_상품 설명', '2025-06-30 15:53:56.653189', '2025-06-30 15:53:56.653189', '20_새로운 상품', 5000, 'user00'),
	(75, '21_상품 설명', '2025-06-30 15:53:56.653189', '2025-06-30 15:53:56.653189', '21_새로운 상품', 5000, 'user00'),
	(76, '22_상품 설명', '2025-06-30 15:53:56.653189', '2025-06-30 15:53:56.653189', '22_새로운 상품', 5000, 'user00'),
	(77, '23_상품 설명', '2025-06-30 15:53:56.668816', '2025-06-30 15:53:56.668816', '23_새로운 상품', 5000, 'user00'),
	(78, '24_상품 설명', '2025-06-30 15:53:56.668816', '2025-06-30 15:53:56.668816', '24_새로운 상품', 5000, 'user00'),
	(79, '25_상품 설명', '2025-06-30 15:53:56.668816', '2025-06-30 15:53:56.668816', '25_새로운 상품', 5000, 'user00'),
	(80, '26_상품 설명', '2025-06-30 15:53:56.684437', '2025-06-30 15:53:56.684437', '26_새로운 상품', 5000, 'user00'),
	(81, '27_상품 설명', '2025-06-30 15:53:56.684437', '2025-06-30 15:53:56.684437', '27_새로운 상품', 5000, 'user00'),
	(82, '28_상품 설명', '2025-06-30 15:53:56.684437', '2025-06-30 15:53:56.684437', '28_새로운 상품', 5000, 'user00'),
	(83, '29_상품 설명', '2025-06-30 15:53:56.684437', '2025-06-30 15:53:56.684437', '29_새로운 상품', 5000, 'user00'),
	(84, '30_상품 설명', '2025-06-30 15:53:56.702625', '2025-06-30 15:53:56.702625', '30_새로운 상품', 5000, 'user00'),
	(85, '31_상품 설명', '2025-06-30 15:53:56.706427', '2025-06-30 15:53:56.706427', '31_새로운 상품', 5000, 'user00'),
	(86, '32_상품 설명', '2025-06-30 15:53:56.706427', '2025-06-30 15:53:56.706427', '32_새로운 상품', 5000, 'user00'),
	(87, '33_상품 설명', '2025-06-30 15:53:56.706427', '2025-06-30 15:53:56.706427', '33_새로운 상품', 5000, 'user00'),
	(88, '34_상품 설명', '2025-06-30 15:53:56.706427', '2025-06-30 15:53:56.706427', '34_새로운 상품', 5000, 'user00'),
	(89, '35_상품 설명', '2025-06-30 15:53:56.722050', '2025-06-30 15:53:56.722050', '35_새로운 상품', 5000, 'user00'),
	(90, '36_상품 설명', '2025-06-30 15:53:56.722050', '2025-06-30 15:53:56.722050', '36_새로운 상품', 5000, 'user00'),
	(91, '37_상품 설명', '2025-06-30 15:53:56.737672', '2025-06-30 15:53:56.737672', '37_새로운 상품', 5000, 'user00'),
	(92, '38_상품 설명', '2025-06-30 15:53:56.737672', '2025-06-30 15:53:56.737672', '38_새로운 상품', 5000, 'user00'),
	(93, '39_상품 설명', '2025-06-30 15:53:56.737672', '2025-06-30 15:53:56.737672', '39_새로운 상품', 5000, 'user00'),
	(94, '40_상품 설명', '2025-06-30 15:53:56.744000', '2025-06-30 15:53:56.744000', '40_새로운 상품', 5000, 'user00'),
	(95, '41_상품 설명', '2025-06-30 15:53:56.744000', '2025-06-30 15:53:56.744000', '41_새로운 상품', 5000, 'user00'),
	(96, '42_상품 설명', '2025-06-30 15:53:56.744000', '2025-06-30 15:53:56.744000', '42_새로운 상품', 5000, 'user00'),
	(97, '43_상품 설명', '2025-06-30 15:53:56.759626', '2025-06-30 15:53:56.759626', '43_새로운 상품', 5000, 'user00'),
	(98, '44_상품 설명', '2025-06-30 15:53:56.759626', '2025-06-30 15:53:56.759626', '44_새로운 상품', 5000, 'user00'),
	(99, '45_상품 설명', '2025-06-30 15:53:56.759626', '2025-06-30 15:53:56.759626', '45_새로운 상품', 5000, 'user00'),
	(100, '46_상품 설명', '2025-06-30 15:53:56.759626', '2025-06-30 15:53:56.759626', '46_새로운 상품', 5000, 'user00'),
	(101, '47_상품 설명', '2025-06-30 15:53:56.759626', '2025-06-30 15:53:56.759626', '47_새로운 상품', 5000, 'user00'),
	(102, '48_상품 설명', '2025-06-30 15:53:56.775948', '2025-06-30 15:53:56.775948', '48_새로운 상품', 5000, 'user00'),
	(103, '49_상품 설명', '2025-06-30 15:53:56.775948', '2025-06-30 15:53:56.775948', '49_새로운 상품', 5000, 'user00'),
	(104, '50_상품 설명', '2025-06-30 15:53:56.775948', '2025-06-30 15:53:56.775948', '50_새로운 상품', 5000, 'user00');

-- 테이블 bootdb2.tbl_product_images 구조 내보내기
CREATE TABLE IF NOT EXISTS `tbl_product_images` (
  `pno` bigint(20) NOT NULL,
  `file_name` varchar(255) DEFAULT NULL,
  `idx` int(11) DEFAULT NULL,
  KEY `FKepw0pko5d1rxaefbfv9oij354` (`pno`),
  CONSTRAINT `FKepw0pko5d1rxaefbfv9oij354` FOREIGN KEY (`pno`) REFERENCES `tbl_products` (`pno`)
) ENGINE=InnoDB DEFAULT CHARSET=utf8 COLLATE=utf8_general_ci;

-- 테이블 데이터 bootdb2.tbl_product_images:~204 rows (대략적) 내보내기
INSERT IGNORE INTO `tbl_product_images` (`pno`, `file_name`, `idx`) VALUES
	(2, '2_test1.jpg', 0),
	(2, '2_test2.jpg', 1),
	(3, '3_test1.jpg', 0),
	(3, '3_test2.jpg', 1),
	(4, '4_test1.jpg', 0),
	(4, '4_test2.jpg', 1),
	(5, '5_test1.jpg', 0),
	(5, '5_test2.jpg', 1),
	(6, '6_test1.jpg', 0),
	(6, '6_test2.jpg', 1),
	(7, '7_test1.jpg', 0),
	(7, '7_test2.jpg', 1),
	(8, '8_test1.jpg', 0),
	(8, '8_test2.jpg', 1),
	(9, '9_test1.jpg', 0),
	(9, '9_test2.jpg', 1),
	(10, '10_test1.jpg', 0),
	(10, '10_test2.jpg', 1),
	(11, '11_test1.jpg', 0),
	(11, '11_test2.jpg', 1),
	(12, '12_test1.jpg', 0),
	(12, '12_test2.jpg', 1),
	(13, '13_test1.jpg', 0),
	(13, '13_test2.jpg', 1),
	(14, '14_test1.jpg', 0),
	(14, '14_test2.jpg', 1),
	(15, '15_test1.jpg', 0),
	(15, '15_test2.jpg', 1),
	(16, '16_test1.jpg', 0),
	(16, '16_test2.jpg', 1),
	(17, '17_test1.jpg', 0),
	(17, '17_test2.jpg', 1),
	(18, '18_test1.jpg', 0),
	(18, '18_test2.jpg', 1),
	(19, '19_test1.jpg', 0),
	(19, '19_test2.jpg', 1),
	(20, '20_test1.jpg', 0),
	(20, '20_test2.jpg', 1),
	(21, '21_test1.jpg', 0),
	(21, '21_test2.jpg', 1),
	(22, '22_test1.jpg', 0),
	(22, '22_test2.jpg', 1),
	(23, '23_test1.jpg', 0),
	(23, '23_test2.jpg', 1),
	(24, '24_test1.jpg', 0),
	(24, '24_test2.jpg', 1),
	(25, '25_test1.jpg', 0),
	(25, '25_test2.jpg', 1),
	(26, '26_test1.jpg', 0),
	(26, '26_test2.jpg', 1),
	(27, '27_test1.jpg', 0),
	(27, '27_test2.jpg', 1),
	(28, '28_test1.jpg', 0),
	(28, '28_test2.jpg', 1),
	(29, '29_test1.jpg', 0),
	(29, '29_test2.jpg', 1),
	(30, '30_test1.jpg', 0),
	(30, '30_test2.jpg', 1),
	(31, '31_test1.jpg', 0),
	(31, '31_test2.jpg', 1),
	(32, '32_test1.jpg', 0),
	(32, '32_test2.jpg', 1),
	(33, '33_test1.jpg', 0),
	(33, '33_test2.jpg', 1),
	(34, '34_test1.jpg', 0),
	(34, '34_test2.jpg', 1),
	(35, '35_test1.jpg', 0),
	(35, '35_test2.jpg', 1),
	(36, '36_test1.jpg', 0),
	(36, '36_test2.jpg', 1),
	(37, '37_test1.jpg', 0),
	(37, '37_test2.jpg', 1),
	(38, '38_test1.jpg', 0),
	(38, '38_test2.jpg', 1),
	(39, '39_test1.jpg', 0),
	(39, '39_test2.jpg', 1),
	(40, '40_test1.jpg', 0),
	(40, '40_test2.jpg', 1),
	(41, '41_test1.jpg', 0),
	(41, '41_test2.jpg', 1),
	(42, '42_test1.jpg', 0),
	(42, '42_test2.jpg', 1),
	(43, '43_test1.jpg', 0),
	(43, '43_test2.jpg', 1),
	(44, '44_test1.jpg', 0),
	(44, '44_test2.jpg', 1),
	(45, '45_test1.jpg', 0),
	(45, '45_test2.jpg', 1),
	(46, '46_test1.jpg', 0),
	(46, '46_test2.jpg', 1),
	(47, '47_test1.jpg', 0),
	(47, '47_test2.jpg', 1),
	(48, '48_test1.jpg', 0),
	(48, '48_test2.jpg', 1),
	(49, '49_test1.jpg', 0),
	(49, '49_test2.jpg', 1),
	(50, '50_test1.jpg', 0),
	(50, '50_test2.jpg', 1),
	(51, 'test1.jpg', 0),
	(51, 'test2.jpg', 1),
	(54, 'test1.jpg', 0),
	(54, 'test2.jpg', 1),
	(52, 'newFile1.jpg', 0),
	(52, 'newFile2.jpg', 1),
	(55, '1_test1.jpg', 0),
	(55, '1_test2.jpg', 1),
	(56, '2_test1.jpg', 0),
	(56, '2_test2.jpg', 1),
	(57, '3_test1.jpg', 0),
	(57, '3_test2.jpg', 1),
	(58, '4_test1.jpg', 0),
	(58, '4_test2.jpg', 1),
	(59, '5_test1.jpg', 0),
	(59, '5_test2.jpg', 1),
	(60, '6_test1.jpg', 0),
	(60, '6_test2.jpg', 1),
	(61, '7_test1.jpg', 0),
	(61, '7_test2.jpg', 1),
	(62, '8_test1.jpg', 0),
	(62, '8_test2.jpg', 1),
	(63, '9_test1.jpg', 0),
	(63, '9_test2.jpg', 1),
	(64, '10_test1.jpg', 0),
	(64, '10_test2.jpg', 1),
	(65, '11_test1.jpg', 0),
	(65, '11_test2.jpg', 1),
	(66, '12_test1.jpg', 0),
	(66, '12_test2.jpg', 1),
	(67, '13_test1.jpg', 0),
	(67, '13_test2.jpg', 1),
	(68, '14_test1.jpg', 0),
	(68, '14_test2.jpg', 1),
	(69, '15_test1.jpg', 0),
	(69, '15_test2.jpg', 1),
	(70, '16_test1.jpg', 0),
	(70, '16_test2.jpg', 1),
	(71, '17_test1.jpg', 0),
	(71, '17_test2.jpg', 1),
	(72, '18_test1.jpg', 0),
	(72, '18_test2.jpg', 1),
	(73, '19_test1.jpg', 0),
	(73, '19_test2.jpg', 1),
	(74, '20_test1.jpg', 0),
	(74, '20_test2.jpg', 1),
	(75, '21_test1.jpg', 0),
	(75, '21_test2.jpg', 1),
	(76, '22_test1.jpg', 0),
	(76, '22_test2.jpg', 1),
	(77, '23_test1.jpg', 0),
	(77, '23_test2.jpg', 1),
	(78, '24_test1.jpg', 0),
	(78, '24_test2.jpg', 1),
	(79, '25_test1.jpg', 0),
	(79, '25_test2.jpg', 1),
	(80, '26_test1.jpg', 0),
	(80, '26_test2.jpg', 1),
	(81, '27_test1.jpg', 0),
	(81, '27_test2.jpg', 1),
	(82, '28_test1.jpg', 0),
	(82, '28_test2.jpg', 1),
	(83, '29_test1.jpg', 0),
	(83, '29_test2.jpg', 1),
	(84, '30_test1.jpg', 0),
	(84, '30_test2.jpg', 1),
	(85, '31_test1.jpg', 0),
	(85, '31_test2.jpg', 1),
	(86, '32_test1.jpg', 0),
	(86, '32_test2.jpg', 1),
	(87, '33_test1.jpg', 0),
	(87, '33_test2.jpg', 1),
	(88, '34_test1.jpg', 0),
	(88, '34_test2.jpg', 1),
	(89, '35_test1.jpg', 0),
	(89, '35_test2.jpg', 1),
	(90, '36_test1.jpg', 0),
	(90, '36_test2.jpg', 1),
	(91, '37_test1.jpg', 0),
	(91, '37_test2.jpg', 1),
	(92, '38_test1.jpg', 0),
	(92, '38_test2.jpg', 1),
	(93, '39_test1.jpg', 0),
	(93, '39_test2.jpg', 1),
	(94, '40_test1.jpg', 0),
	(94, '40_test2.jpg', 1),
	(95, '41_test1.jpg', 0),
	(95, '41_test2.jpg', 1),
	(96, '42_test1.jpg', 0),
	(96, '42_test2.jpg', 1),
	(97, '43_test1.jpg', 0),
	(97, '43_test2.jpg', 1),
	(98, '44_test1.jpg', 0),
	(98, '44_test2.jpg', 1),
	(99, '45_test1.jpg', 0),
	(99, '45_test2.jpg', 1),
	(100, '46_test1.jpg', 0),
	(100, '46_test2.jpg', 1),
	(101, '47_test1.jpg', 0),
	(101, '47_test2.jpg', 1),
	(102, '48_test1.jpg', 0),
	(102, '48_test2.jpg', 1),
	(103, '49_test1.jpg', 0),
	(103, '49_test2.jpg', 1),
	(104, '50_test1.jpg', 0),
	(104, '50_test2.jpg', 1);

-- 테이블 bootdb2.tbl_reviews 구조 내보내기
CREATE TABLE IF NOT EXISTS `tbl_reviews` (
  `rno` bigint(20) NOT NULL AUTO_INCREMENT,
  `product_pno` bigint(20) DEFAULT NULL,
  `score` int(11) NOT NULL,
  `review_text` varchar(255) DEFAULT NULL,
  `reviewer` varchar(255) DEFAULT NULL,
  `modified_date` datetime(6) DEFAULT NULL,
  `review_date` datetime(6) DEFAULT NULL,
  PRIMARY KEY (`rno`),
  KEY `IDXqmk82f464ube81wj0brgv7iec` (`product_pno`),
  CONSTRAINT `FKc612ax5go7uk6hqd94i55dga4` FOREIGN KEY (`product_pno`) REFERENCES `tbl_products` (`pno`)
) ENGINE=InnoDB AUTO_INCREMENT=21 DEFAULT CHARSET=utf8 COLLATE=utf8_general_ci;

-- 테이블 데이터 bootdb2.tbl_reviews:~14 rows (대략적) 내보내기
INSERT IGNORE INTO `tbl_reviews` (`rno`, `product_pno`, `score`, `review_text`, `reviewer`, `modified_date`, `review_date`) VALUES
	(3, 51, 5, '수정합니다.', 'reviewer1', '2025-05-30 16:58:36.096243', '2025-05-29 14:27:46.796633'),
	(4, 51, 5, '리뷰 내용....', 'reviewer1', '2025-05-29 14:27:46.859113', '2025-05-29 14:27:46.859113'),
	(5, 51, 5, '리뷰 내용....', 'reviewer1', '2025-05-29 14:27:46.859113', '2025-05-29 14:27:46.859113'),
	(6, 51, 5, '리뷰 내용....', 'reviewer1', '2025-05-29 14:27:46.859113', '2025-05-29 14:27:46.859113'),
	(7, 51, 5, '리뷰 내용....', 'reviewer1', '2025-05-29 14:27:46.859113', '2025-05-29 14:27:46.859113'),
	(8, 51, 5, '리뷰 내용....', 'reviewer1', '2025-05-29 14:27:46.874710', '2025-05-29 14:27:46.874710'),
	(9, 51, 5, '리뷰 내용....', 'reviewer1', '2025-05-29 14:27:46.874710', '2025-05-29 14:27:46.874710'),
	(10, 51, 5, '리뷰 내용....', 'reviewer1', '2025-05-29 14:27:46.874710', '2025-05-29 14:27:46.874710'),
	(11, 51, 5, '리뷰 내용....', 'reviewer1', '2025-05-29 14:27:46.874710', '2025-05-29 14:27:46.874710'),
	(12, 51, 5, '리뷰 내용....', 'reviewer1', '2025-05-29 14:27:46.874710', '2025-05-29 14:27:46.874710'),
	(17, 49, 4, '리뷰 수정 테스트', 'user22', '2025-06-02 15:48:57.658019', '2025-06-02 15:24:24.201613'),
	(18, 49, 4, 'Review Text', 'user22', '2025-06-02 15:24:25.653888', '2025-06-02 15:24:25.653888'),
	(19, 49, 4, 'Review Text', 'user22', '2025-06-02 15:24:26.606662', '2025-06-02 15:24:26.606662'),
	(20, 49, 4, 'Review Text', 'user22', '2025-06-02 15:24:28.052539', '2025-06-02 15:24:28.052539');

-- 테이블 bootdb2.tbl_todos 구조 내보내기
CREATE TABLE IF NOT EXISTS `tbl_todos` (
  `mno` bigint(20) NOT NULL AUTO_INCREMENT,
  `due_date` date DEFAULT NULL,
  `title` varchar(500) NOT NULL,
  `writer` varchar(500) NOT NULL,
  PRIMARY KEY (`mno`)
) ENGINE=InnoDB AUTO_INCREMENT=311 DEFAULT CHARSET=utf8 COLLATE=utf8_general_ci;

-- 테이블 데이터 bootdb2.tbl_todos:~303 rows (대략적) 내보내기
INSERT IGNORE INTO `tbl_todos` (`mno`, `due_date`, `title`, `writer`) VALUES
	(1, '2025-12-23', '부트 끝내기', 'user00'),
	(2, '2025-11-30', 'Test Todo...0', 'tester0'),
	(4, '2025-11-30', 'Test Todo...2', 'tester2'),
	(5, '2025-11-30', 'Test Todo...3', 'tester3'),
	(6, '2025-11-30', 'Test Todo...4', 'tester4'),
	(7, '2025-11-30', 'Test Todo...5', 'tester5'),
	(8, '2025-11-30', 'Test Todo...6', 'tester6'),
	(9, '2025-11-30', 'Test Todo...7', 'tester7'),
	(10, '2025-11-30', 'Test Todo...8', 'tester8'),
	(11, '2025-11-30', 'Test Todo...9', 'tester9'),
	(12, '2025-11-30', 'Test Todo...10', 'tester10'),
	(13, '2025-11-30', 'Test Todo...11', 'tester11'),
	(14, '2025-11-30', 'Test Todo...12', 'tester12'),
	(15, '2025-11-30', 'Test Todo...13', 'tester13'),
	(16, '2025-11-30', 'Test Todo...14', 'tester14'),
	(17, '2025-11-30', 'Test Todo...15', 'tester15'),
	(18, '2025-11-30', 'Test Todo...16', 'tester16'),
	(19, '2025-11-30', 'Test Todo...17', 'tester17'),
	(20, '2025-11-30', 'Test Todo...18', 'tester18'),
	(21, '2025-11-30', 'Test Todo...19', 'tester19'),
	(22, '2025-11-30', 'Test Todo...20', 'tester20'),
	(23, '2025-11-30', 'Test Todo...21', 'tester21'),
	(24, '2025-11-30', 'Test Todo...22', 'tester22'),
	(25, '2025-11-30', 'Test Todo...23', 'tester23'),
	(26, '2025-11-30', 'Test Todo...24', 'tester24'),
	(27, '2025-11-30', 'Test Todo...25', 'tester25'),
	(28, '2025-11-30', 'Test Todo...26', 'tester26'),
	(29, '2025-11-30', 'Test Todo...27', 'tester27'),
	(30, '2025-11-30', 'Test Todo...28', 'tester28'),
	(31, '2025-11-30', 'Test Todo...29', 'tester29'),
	(32, '2025-11-30', 'Test Todo...30', 'tester30'),
	(33, '2025-11-30', 'Test Todo...31', 'tester31'),
	(34, '2025-11-30', 'Test Todo...32', 'tester32'),
	(35, '2025-11-30', 'Test Todo...33', 'tester33'),
	(36, '2025-11-30', 'Test Todo...34', 'tester34'),
	(37, '2025-11-30', 'Test Todo...35', 'tester35'),
	(38, '2025-11-30', 'Test Todo...36', 'tester36'),
	(39, '2025-11-30', 'Test Todo...37', 'tester37'),
	(40, '2025-11-30', 'Test Todo...38', 'tester38'),
	(41, '2025-11-30', 'Test Todo...39', 'tester39'),
	(42, '2025-11-30', 'Test Todo...40', 'tester40'),
	(43, '2025-11-30', 'Test Todo...41', 'tester41'),
	(44, '2025-11-30', 'Test Todo...42', 'tester42'),
	(45, '2025-11-30', 'Test Todo...43', 'tester43'),
	(46, '2025-11-30', 'Test Todo...44', 'tester44'),
	(47, '2025-11-30', 'Test Todo...45', 'tester45'),
	(48, '2025-11-30', 'Test Todo...46', 'tester46'),
	(49, '2025-11-30', 'Test Todo...47', 'tester47'),
	(50, '2025-11-30', 'Change Title....0.32526248367484745', 'Change Writer...0.7557936575169856'),
	(51, '2025-11-30', 'Test Todo...49', 'tester49'),
	(52, '2025-11-30', 'Test Todo...50', 'tester50'),
	(53, '2025-11-30', 'Test Todo...51', 'tester51'),
	(54, '2025-11-30', 'Test Todo...52', 'tester52'),
	(55, '2025-11-30', 'Test Todo...53', 'tester53'),
	(56, '2025-11-30', 'Test Todo...54', 'tester54'),
	(57, '2025-11-30', 'Test Todo...55', 'tester55'),
	(58, '2025-11-30', 'Change Title....0.5935237662799286', 'Change Writer...0.6869103525323182'),
	(59, '2025-11-30', 'Test Todo...57', 'tester57'),
	(60, '2025-11-30', 'Test Todo...58', 'tester58'),
	(61, '2025-11-30', 'Test Todo...59', 'tester59'),
	(62, '2025-11-30', 'Test Todo...60', 'tester60'),
	(63, '2025-11-30', 'Test Todo...61', 'tester61'),
	(64, '2025-11-30', 'Test Todo...62', 'tester62'),
	(65, '2025-11-30', 'Test Todo...63', 'tester63'),
	(66, '2025-11-30', 'Test Todo...64', 'tester64'),
	(67, '2025-11-30', 'Test Todo...65', 'tester65'),
	(68, '2025-11-30', 'Test Todo...66', 'tester66'),
	(69, '2025-11-30', 'Test Todo...67', 'tester67'),
	(70, '2025-11-30', 'Test Todo...68', 'tester68'),
	(71, '2025-11-30', 'Test Todo...69', 'tester69'),
	(72, '2025-11-30', 'Test Todo...70', 'tester70'),
	(73, '2025-11-30', 'Test Todo...71', 'tester71'),
	(74, '2025-11-30', 'Test Todo...72', 'tester72'),
	(75, '2025-11-30', 'Test Todo...73', 'tester73'),
	(76, '2025-11-30', 'Test Todo...74', 'tester74'),
	(77, '2025-11-30', 'Test Todo...75', 'tester75'),
	(78, '2025-11-30', 'Test Todo...76', 'tester76'),
	(79, '2025-11-30', 'Test Todo...77', 'tester77'),
	(80, '2025-11-30', 'Test Todo...78', 'tester78'),
	(81, '2025-11-30', 'Test Todo...79', 'tester79'),
	(82, '2025-11-30', 'Test Todo...80', 'tester80'),
	(83, '2025-11-30', 'Test Todo...81', 'tester81'),
	(84, '2025-11-30', 'Test Todo...82', 'tester82'),
	(85, '2025-11-30', 'Test Todo...83', 'tester83'),
	(86, '2025-11-30', 'Test Todo...84', 'tester84'),
	(87, '2025-11-30', 'Test Todo...85', 'tester85'),
	(88, '2025-11-30', 'Test Todo...86', 'tester86'),
	(89, '2025-11-30', 'Test Todo...87', 'tester87'),
	(90, '2025-11-30', 'Test Todo...88', 'tester88'),
	(91, '2025-11-30', 'Test Todo...89', 'tester89'),
	(92, '2025-11-30', 'Test Todo...90', 'tester90'),
	(93, '2025-11-30', 'Test Todo...91', 'tester91'),
	(94, '2025-11-30', 'Test Todo...92', 'tester92'),
	(95, '2025-11-30', 'Test Todo...93', 'tester93'),
	(96, '2025-11-30', 'Test Todo...94', 'tester94'),
	(102, '2025-05-13', '수정된 제목', '수정된 글쓴이'),
	(103, '2025-11-30', 'Test Todo...1', 'tester1'),
	(104, '2025-11-30', 'Test Todo...2', 'tester2'),
	(105, '2025-11-30', 'Test Todo...3', 'tester3'),
	(106, '2025-11-30', 'Test Todo...4', 'tester4'),
	(107, '2025-11-30', 'Test Todo...5', 'tester5'),
	(108, '2025-11-30', 'Test Todo...6', 'tester6'),
	(109, '2025-11-30', 'Test Todo...7', 'tester7'),
	(110, '2025-11-30', 'Test Todo...8', 'tester8'),
	(111, '2025-11-30', 'Test Todo...9', 'tester9'),
	(112, '2025-11-30', 'Test Todo...10', 'tester10'),
	(113, '2025-11-30', 'Test Todo...11', 'tester11'),
	(114, '2025-11-30', 'Test Todo...12', 'tester12'),
	(115, '2025-11-30', 'Test Todo...13', 'tester13'),
	(116, '2025-11-30', 'Test Todo...14', 'tester14'),
	(117, '2025-11-30', 'Test Todo...15', 'tester15'),
	(118, '2025-11-30', 'Test Todo...16', 'tester16'),
	(119, '2025-11-30', 'Test Todo...17', 'tester17'),
	(120, '2025-11-30', 'Test Todo...18', 'tester18'),
	(121, '2025-11-30', 'Test Todo...19', 'tester19'),
	(122, '2025-11-30', 'Test Todo...20', 'tester20'),
	(123, '2025-11-30', 'Test Todo...21', 'tester21'),
	(124, '2025-11-30', 'Test Todo...22', 'tester22'),
	(125, '2025-11-30', 'Test Todo...23', 'tester23'),
	(126, '2025-11-30', 'Test Todo...24', 'tester24'),
	(127, '2025-11-30', 'Test Todo...25', 'tester25'),
	(128, '2025-11-30', 'Test Todo...26', 'tester26'),
	(129, '2025-11-30', 'Test Todo...27', 'tester27'),
	(130, '2025-11-30', 'Test Todo...28', 'tester28'),
	(131, '2025-11-30', 'Test Todo...29', 'tester29'),
	(132, '2025-11-30', 'Test Todo...30', 'tester30'),
	(133, '2025-11-30', 'Test Todo...31', 'tester31'),
	(134, '2025-11-30', 'Test Todo...32', 'tester32'),
	(135, '2025-11-30', 'Test Todo...33', 'tester33'),
	(136, '2025-11-30', 'Test Todo...34', 'tester34'),
	(137, '2025-11-30', 'Test Todo...35', 'tester35'),
	(138, '2025-11-30', 'Test Todo...36', 'tester36'),
	(139, '2025-11-30', 'Test Todo...37', 'tester37'),
	(140, '2025-11-30', 'Test Todo...38', 'tester38'),
	(141, '2025-11-30', 'Test Todo...39', 'tester39'),
	(142, '2025-11-30', 'Test Todo...40', 'tester40'),
	(143, '2025-11-30', 'Test Todo...41', 'tester41'),
	(144, '2025-11-30', 'Test Todo...42', 'tester42'),
	(145, '2025-11-30', 'Test Todo...43', 'tester43'),
	(146, '2025-11-30', 'Test Todo...44', 'tester44'),
	(147, '2025-11-30', 'Test Todo...45', 'tester45'),
	(148, '2025-11-30', 'Test Todo...46', 'tester46'),
	(149, '2025-11-30', 'Test Todo...47', 'tester47'),
	(151, '2025-11-30', 'Test Todo...49', 'tester49'),
	(152, '2025-11-30', 'Test Todo...50', 'tester50'),
	(153, '2025-11-30', 'Test Todo...51', 'tester51'),
	(154, '2025-11-30', 'Test Todo...52', 'tester52'),
	(155, '2025-11-30', 'Test Todo...53', 'tester53'),
	(156, '2025-11-30', 'Test Todo...54', 'tester54'),
	(157, '2025-11-30', 'Test Todo...55', 'tester55'),
	(158, '2025-11-30', 'Test Todo...56', 'tester56'),
	(159, '2025-11-30', 'Test Todo...57', 'tester57'),
	(160, '2025-11-30', 'Test Todo...58', 'tester58'),
	(161, '2025-11-30', 'Test Todo...59', 'tester59'),
	(162, '2025-11-30', 'Test Todo...60', 'tester60'),
	(163, '2025-11-30', 'Test Todo...61', 'tester61'),
	(164, '2025-11-30', 'Test Todo...62', 'tester62'),
	(165, '2025-11-30', 'Test Todo...63', 'tester63'),
	(166, '2025-11-30', 'Test Todo...64', 'tester64'),
	(167, '2025-11-30', 'Test Todo...65', 'tester65'),
	(168, '2025-11-30', 'Test Todo...66', 'tester66'),
	(169, '2025-11-30', 'Test Todo...67', 'tester67'),
	(170, '2025-11-30', 'Test Todo...68', 'tester68'),
	(171, '2025-11-30', 'Test Todo...69', 'tester69'),
	(172, '2025-11-30', 'Test Todo...70', 'tester70'),
	(173, '2025-11-30', 'Test Todo...71', 'tester71'),
	(174, '2025-11-30', 'Test Todo...72', 'tester72'),
	(175, '2025-11-30', 'Test Todo...73', 'tester73'),
	(176, '2025-11-30', 'Test Todo...74', 'tester74'),
	(177, '2025-11-30', 'Test Todo...75', 'tester75'),
	(178, '2025-11-30', 'Test Todo...76', 'tester76'),
	(179, '2025-11-30', 'Test Todo...77', 'tester77'),
	(180, '2025-11-30', 'Test Todo...78', 'tester78'),
	(181, '2025-11-30', 'Test Todo...79', 'tester79'),
	(182, '2025-11-30', 'Test Todo...80', 'tester80'),
	(183, '2025-11-30', 'Test Todo...81', 'tester81'),
	(184, '2025-11-30', 'Test Todo...82', 'tester82'),
	(185, '2025-11-30', 'Test Todo...83', 'tester83'),
	(186, '2025-11-30', 'Test Todo...84', 'tester84'),
	(187, '2025-11-30', 'Test Todo...85', 'tester85'),
	(188, '2025-11-30', 'Test Todo...86', 'tester86'),
	(189, '2025-11-30', 'Test Todo...87', 'tester87'),
	(190, '2025-11-30', 'Test Todo...88', 'tester88'),
	(191, '2025-11-30', 'Test Todo...89', 'tester89'),
	(192, '2025-11-30', 'Test Todo...90', 'tester90'),
	(193, '2025-11-30', 'Test Todo...91', 'tester91'),
	(194, '2025-11-30', 'Test Todo...92', 'tester92'),
	(195, '2025-11-30', 'Test Todo...93', 'tester93'),
	(196, '2025-11-30', 'Test Todo...94', 'tester94'),
	(197, '2025-11-30', 'Test Todo...95', 'tester95'),
	(198, '2025-11-30', 'Test Todo...96', 'tester96'),
	(199, '2025-11-30', 'Test Todo...97', 'tester97'),
	(200, '2025-11-30', 'Test Todo...98', 'tester98'),
	(201, '2025-11-30', 'Test Todo...99', 'tester99'),
	(202, '2025-12-23', '부트 끝내기', 'user00'),
	(203, '2025-12-23', '부트 끝내기', 'user00'),
	(204, '2025-12-23', '부트 끝내기', 'user00'),
	(205, '2025-12-23', 'Test Todo', 'user00'),
	(206, '2025-11-30', 'Test Todo...0', 'tester0'),
	(207, '2025-11-30', 'Test Todo...1', 'tester1'),
	(208, '2025-11-30', 'Test Todo...2', 'tester2'),
	(209, '2025-11-30', 'Test Todo...3', 'tester3'),
	(210, '2025-11-30', 'Test Todo...4', 'tester4'),
	(211, '2025-11-30', 'Test Todo...5', 'tester5'),
	(212, '2025-11-30', 'Test Todo...6', 'tester6'),
	(213, '2025-11-30', 'Test Todo...7', 'tester7'),
	(214, '2025-11-30', 'Test Todo...8', 'tester8'),
	(215, '2025-11-30', 'Test Todo...9', 'tester9'),
	(216, '2025-11-30', 'Test Todo...10', 'tester10'),
	(217, '2025-11-30', 'Test Todo...11', 'tester11'),
	(218, '2025-11-30', 'Test Todo...12', 'tester12'),
	(219, '2025-11-30', 'Test Todo...13', 'tester13'),
	(220, '2025-11-30', 'Test Todo...14', 'tester14'),
	(221, '2025-11-30', 'Test Todo...15', 'tester15'),
	(222, '2025-11-30', 'Test Todo...16', 'tester16'),
	(223, '2025-11-30', 'Test Todo...17', 'tester17'),
	(224, '2025-11-30', 'Test Todo...18', 'tester18'),
	(225, '2025-11-30', 'Test Todo...19', 'tester19'),
	(226, '2025-11-30', 'Test Todo...20', 'tester20'),
	(227, '2025-11-30', 'Test Todo...21', 'tester21'),
	(228, '2025-11-30', 'Test Todo...22', 'tester22'),
	(229, '2025-11-30', 'Test Todo...23', 'tester23'),
	(230, '2025-11-30', 'Test Todo...24', 'tester24'),
	(231, '2025-11-30', 'Test Todo...25', 'tester25'),
	(232, '2025-11-30', 'Test Todo...26', 'tester26'),
	(233, '2025-11-30', 'Test Todo...27', 'tester27'),
	(234, '2025-11-30', 'Test Todo...28', 'tester28'),
	(235, '2025-11-30', 'Test Todo...29', 'tester29'),
	(236, '2025-11-30', 'Test Todo...30', 'tester30'),
	(237, '2025-11-30', 'Test Todo...31', 'tester31'),
	(238, '2025-11-30', 'Test Todo...32', 'tester32'),
	(239, '2025-11-30', 'Test Todo...33', 'tester33'),
	(240, '2025-11-30', 'Test Todo...34', 'tester34'),
	(241, '2025-11-30', 'Test Todo...35', 'tester35'),
	(242, '2025-11-30', 'Test Todo...36', 'tester36'),
	(243, '2025-11-30', 'Test Todo...37', 'tester37'),
	(244, '2025-11-30', 'Test Todo...38', 'tester38'),
	(245, '2025-11-30', 'Test Todo...39', 'tester39'),
	(246, '2025-11-30', 'Test Todo...40', 'tester40'),
	(247, '2025-11-30', 'Test Todo...41', 'tester41'),
	(248, '2025-11-30', 'Test Todo...42', 'tester42'),
	(249, '2025-11-30', 'Test Todo...43', 'tester43'),
	(250, '2025-11-30', 'Test Todo...44', 'tester44'),
	(251, '2025-11-30', 'Test Todo...45', 'tester45'),
	(252, '2025-11-30', 'Test Todo...46', 'tester46'),
	(253, '2025-11-30', 'Test Todo...47', 'tester47'),
	(254, '2025-11-30', 'Test Todo...48', 'tester48'),
	(255, '2025-11-30', 'Test Todo...49', 'tester49'),
	(256, '2025-11-30', 'Test Todo...50', 'tester50'),
	(257, '2025-11-30', 'Test Todo...51', 'tester51'),
	(258, '2025-11-30', 'Test Todo...52', 'tester52'),
	(259, '2025-11-30', 'Test Todo...53', 'tester53'),
	(260, '2025-11-30', 'Test Todo...54', 'tester54'),
	(261, '2025-11-30', 'Test Todo...55', 'tester55'),
	(262, '2025-11-30', 'Test Todo...56', 'tester56'),
	(263, '2025-11-30', 'Test Todo...57', 'tester57'),
	(264, '2025-11-30', 'Test Todo...58', 'tester58'),
	(265, '2025-11-30', 'Test Todo...59', 'tester59'),
	(266, '2025-11-30', 'Test Todo...60', 'tester60'),
	(267, '2025-11-30', 'Test Todo...61', 'tester61'),
	(268, '2025-11-30', 'Test Todo...62', 'tester62'),
	(269, '2025-11-30', 'Test Todo...63', 'tester63'),
	(270, '2025-11-30', 'Test Todo...64', 'tester64'),
	(271, '2025-11-30', 'Test Todo...65', 'tester65'),
	(272, '2025-11-30', 'Test Todo...66', 'tester66'),
	(273, '2025-11-30', 'Test Todo...67', 'tester67'),
	(274, '2025-11-30', 'Test Todo...68', 'tester68'),
	(275, '2025-11-30', 'Test Todo...69', 'tester69'),
	(276, '2025-11-30', 'Test Todo...70', 'tester70'),
	(277, '2025-11-30', 'Test Todo...71', 'tester71'),
	(278, '2025-11-30', 'Test Todo...72', 'tester72'),
	(279, '2025-11-30', 'Test Todo...73', 'tester73'),
	(280, '2025-11-30', 'Test Todo...74', 'tester74'),
	(281, '2025-11-30', 'Test Todo...75', 'tester75'),
	(282, '2025-11-30', 'Test Todo...76', 'tester76'),
	(283, '2025-11-30', 'Test Todo...77', 'tester77'),
	(284, '2025-11-30', 'Test Todo...78', 'tester78'),
	(285, '2025-11-30', 'Test Todo...79', 'tester79'),
	(286, '2025-11-30', 'Test Todo...80', 'tester80'),
	(287, '2025-11-30', 'Test Todo...81', 'tester81'),
	(288, '2025-11-30', 'Test Todo...82', 'tester82'),
	(289, '2025-11-30', 'Test Todo...83', 'tester83'),
	(290, '2025-11-30', 'Test Todo...84', 'tester84'),
	(291, '2025-11-30', 'Test Todo...85', 'tester85'),
	(292, '2025-11-30', 'Test Todo...86', 'tester86'),
	(293, '2025-11-30', 'Test Todo...87', 'tester87'),
	(294, '2025-11-30', 'Test Todo...88', 'tester88'),
	(295, '2025-11-30', 'Test Todo...89', 'tester89'),
	(296, '2025-11-30', 'Test Todo...90', 'tester90'),
	(297, '2025-11-30', 'Test Todo...91', 'tester91'),
	(298, '2025-11-30', 'Test Todo...92', 'tester92'),
	(299, '2025-11-30', 'Test Todo...93', 'tester93'),
	(300, '2025-11-30', 'Test Todo...94', 'tester94'),
	(301, '2025-11-30', 'Test Todo...95', 'tester95'),
	(302, '2025-11-30', 'Test Todo...96', 'tester96'),
	(303, '2025-11-30', 'Test Todo...97', 'tester97'),
	(304, '2025-11-30', 'Test Todo...98', 'tester98'),
	(305, '2025-11-30', 'Test Todo...99', 'tester99'),
	(306, '2025-12-23', '부트 끝내기', 'user00'),
	(307, '2025-12-23', 'Test Todo', 'user00'),
	(308, '2025-12-31', 'Sample Todo 제목', 'user11'),
	(309, '2025-12-31', 'Sample Todo 제목', 'user11'),
	(310, '2025-12-31', 'Sample Todo 제목', 'user11');

/*!40103 SET TIME_ZONE=IFNULL(@OLD_TIME_ZONE, 'system') */;
/*!40101 SET SQL_MODE=IFNULL(@OLD_SQL_MODE, '') */;
/*!40014 SET FOREIGN_KEY_CHECKS=IFNULL(@OLD_FOREIGN_KEY_CHECKS, 1) */;
/*!40101 SET CHARACTER_SET_CLIENT=@OLD_CHARACTER_SET_CLIENT */;
/*!40111 SET SQL_NOTES=IFNULL(@OLD_SQL_NOTES, 1) */;
